<?xml version="1.0" encoding="UTF-8"?>
<!DOCTYPE suite SYSTEM "http://testng.org/testng-1.0.dtd">
<suite name="Failed suite [Framework]">
  <test name="Sandeep(failed)">
    <classes>
      <class name="com.toolsqa.framework.tests.TestNG_002">
        <methods>
          <include name="beforeMethod"/>
          <include name="beforeMethod"/>
          <include name="beforeMethod"/>
          <include name="beforeMethod"/>
          <include name="afterMethod"/>
          <include name="afterMethod"/>
          <include name="afterMethod"/>
          <include name="afterMethod"/>
        </methods>
      </class> <!-- com.toolsqa.framework.tests.TestNG_002 -->
      <class name="com.toolsqa.framework.tests.TestNG_001">
        <methods>
          <include name="beforeMethod"/>
          <include name="beforeMethod"/>
          <include name="beforeMethod"/>
          <include name="afterMethod"/>
          <include name="afterMethod"/>
          <include name="afterMethod"/>
        </methods>
      </class> <!-- com.toolsqa.framework.tests.TestNG_001 -->
      <class name="com.toolsqa.framework.tests.TestNG_003">
        <methods>
          <include name="afterMethod"/>
          <include name="run3"/>
          <include name="validateDiscountText"/>
          <include name="beforeMethod"/>
        </methods>
      </class> <!-- com.toolsqa.framework.tests.TestNG_003 -->
    </classes>
  </test> <!-- Sandeep(failed) -->
</suite> <!-- Failed suite [Framework] -->
