<?xml version="1.0" encoding="UTF-8"?>
<!DOCTYPE suite SYSTEM "http://testng.org/testng-1.0.dtd">
<suite name="Failed suite [Default suite]">
  <test name="Default test(failed)">
    <classes>
      <class name="com.toolsqa.framework.tests.TestNG_003">
        <methods>
          <include name="afterMethod"/>
          <include name="validateDiscountText"/>
          <include name="beforeMethod"/>
          <include name="run1"/>
        </methods>
      </class> <!-- com.toolsqa.framework.tests.TestNG_003 -->
    </classes>
  </test> <!-- Default test(failed) -->
</suite> <!-- Failed suite [Default suite] -->
